{
  "generated_utc": "2025-09-14T15:37:28.548474+00:00",
  "rows": 10004,
  "cols": [
    "id",
    "K",
    "varphi",
    "varphi_deg",
    "tau_rgn",
    "zone",
    "B",
    "S",
    "R_Qeff_raw",
    "R_PLV",
    "R_combo_norm",
    "F_res",
    "F_cap",
    "C",
    "C_cl",
    "dphi_cl",
    "tau_cl"
  ],
  "columns_present": {
    "K": true,
    "phi": true,
    "phi_deg": true,
    "tau": true,
    "zone": true,
    "F": true,
    "B": true,
    "S": true
  },
  "zone_shares": {
    "regulativ": 0.6,
    "koh\u00e4rent": 0.2,
    "fragmentiert": 0.2
  },
  "per_zone": {
    "fragmentiert": {
      "K_mean": 0.020502225473757806,
      "K_std": 0.02005161401041413,
      "phi_mean": 1.1285583333333333,
      "phi_std": 0.26753016002358576,
      "F_mean": 0.054492064102990456,
      "F_std": 0.015851610235430826,
      "B_mean": 0.10005000000000001,
      "S_mean": 0.9000499999999999
    },
    "koh\u00e4rent": {
      "K_mean": 0.32472056297761925,
      "K_std": 0.23855637324007037,
      "phi_mean": 0.2250032828282828,
      "phi_std": 0.12790563884701264,
      "F_mean": 0.8708368271077375,
      "F_std": 0.6434910588211832,
      "B_mean": 0.9000499999999999,
      "S_mean": 0.10005000000000001
    },
    "regulativ": {
      "K_mean": 0.0547569024917701,
      "K_std": 0.05596307474789079,
      "phi_mean": 0.8404794612794613,
      "phi_std": 0.3490699866183375,
      "F_mean": 0.17067588645631598,
      "F_std": 0.06863842843540412,
      "B_mean": 0.50005,
      "S_mean": 0.50005
    }
  },
  "correlations": {
    "K": {
      "K": 1.0,
      "varphi": -0.706057,
      "F_res": 0.873019,
      "B": 0.628162,
      "S": -0.628213
    },
    "varphi": {
      "K": -0.706057,
      "varphi": 1.0,
      "F_res": -0.591263,
      "B": -0.780104,
      "S": 0.780095
    },
    "F_res": {
      "K": 0.873019,
      "varphi": -0.591263,
      "F_res": 1.0,
      "B": 0.65326,
      "S": -0.653378
    },
    "B": {
      "K": 0.628162,
      "varphi": -0.780104,
      "F_res": 0.65326,
      "B": 1.0,
      "S": -0.999999
    },
    "S": {
      "K": -0.628213,
      "varphi": 0.780095,
      "F_res": -0.653378,
      "B": -0.999999,
      "S": 1.0
    }
  },
  "phi_plateau": {
    "top_peaks": [
      {
        "bin_center": 0.5789635,
        "count": 501
      },
      {
        "bin_center": 0.33003950000000004,
        "count": 500
      },
      {
        "bin_center": 0.8278875000000001,
        "count": 500
      }
    ],
    "bin_edges_sample": [
      0.05,
      1.91693
    ]
  },
  "baseline_vs_recommended": {
    "n_compared": 10000,
    "agreement": 0.9999
  }
}