pg_facet,b_signed,r_signed,r_star_signed,r3_signed,b_absnorm,r_absnorm,r_star_absnorm,r3_absnorm
PG_F1,0.333333333333,0.1054692441183505,0.1054692441,0.3,0.3333333333333333,0.22459369492852926,0.22459369487624128,0.3
PG_K1,0.333333333333,0.1820654780770133,0.1820654781,0.3,0.3333333333333333,0.38770315253573534,0.3877031525618793,0.3
PG_H1,0.0,0.0,0.0,0.1,0.0,0.0,0.0,0.1
PG_R1,-0.333333333333,-0.1820654780770133,-0.1820654781,-0.3,0.3333333333333333,0.38770315253573534,0.3877031525618793,0.3
