pg_facet,b,r,r_star,r3
PG_F1,0.3333333333333333,0.22459369492852926,0.22459369487624128,0.3
PG_H1,0.0,0.0,0.0,0.1
PG_K1,0.3333333333333333,0.38770315253573534,0.3877031525618793,0.3
PG_R1,0.3333333333333333,0.38770315253573534,0.3877031525618793,0.3
