zone,b,r3,delta_r3_minus_b
nan,0.0,0.08,0.08
fragmentiert,0.3333333333333333,0.3156410256,-0.0176923077333333
kohärent,0.3333333333333333,0.3021794872,-0.03115384613333333
regulativ,0.3333333333333333,0.3021794872,-0.03115384613333333
