zone,b,r3,delta_r3_minus_b
nan,0.0,0.1,0.1
fragmentiert,0.3333333333333333,0.3,-0.033333333333333326
kohärent,0.3333333333333333,0.3,-0.033333333333333326
regulativ,0.3333333333333333,0.3,-0.033333333333333326
