zone,b,r3,delta_r3_minus_b
fragmentiert,0.3333333333333333,0.3,-0.033333333333333326
kohärent,0.3333333333333333,0.3,-0.033333333333333326
regulativ,0.3333333333333333,0.3,-0.033333333333333326
nan,0.0,,
