zone,r_star,r3,delta_r3_minus_rstar
fragmentiert,0.1054692441,0.3156410256,0.21017178150000002
kohärent,0.1820654781,0.3021794872,0.12011400909999997
regulativ,0.1820654781,0.3021794872,0.12011400909999997
nan,0.5303997997,0.08,-0.45039979969999994
