zone,b,r,delta,rel_change,rank_abs,rank_rel,abs_delta,score
fragmentiert,0.3333333333333333,0.1054692441183505,-0.2278640892149828,-0.6835922676449483,2.0,1.0,0.2278640892149828,0.42960817355511494
kohärent,0.3333333333333333,0.1820654780770133,-0.15126785525632,-0.4538035657689602,3.0,2.0,0.15126785525632,0.2851959132224425
regulativ,0.3333333333333333,0.1820654780770133,-0.15126785525632,-0.4538035657689602,3.0,2.0,0.15126785525632,0.2851959132224425
,0.0,0.5303997997276229,0.5303997997276229,,1.0,,0.5303997997276229,
