scenario,tau,core_ub,core_members,med_r3_vs_rstar,med_r3_vs_b,r3_at_ub,r3_at_lb,lift_b,lift_r3,core_share,l2_to_baseline,score
tau-0.11,0.11,0.6,"kohärent,regulativ",0.11460118856666662,0.03666666666633339,1,0,1,1,0.5933333333333333,0.01154700538379253,0.11876071313999997
coreUB-0.58,0.1,0.58,"kohärent,regulativ",0.11497155893703909,0.03629629629596093,1,0,1,1,0.5940740740740782,0.007257747386019202,0.11898293536222346
baseline,0.1,0.6,"kohärent,regulativ",0.11793452189999998,0.03333333333300004,1,0,1,2,0.6,0.0,0.12076071313999999
core+F,0.1,0.6,"kohärent,regulativ,fragmentiert",0.11793452189999998,0.03333333333300004,1,0,1,1,0.8999999999999999,0.0,0.12076071313999999
core-onlyK,0.1,0.6,kohärent,0.11793452189999998,0.03333333333300004,1,0,1,1,0.3,0.0,0.12076071313999999
coreUB-0.62,0.1,0.62,"kohärent,regulativ",0.11793452189999998,0.03333333333300004,1,0,1,1,0.6,0.0,0.12076071313999999
tau-0.09,0.09,0.6,"kohärent,regulativ",0.1202040254460996,0.03106382978690042,1,0,1,1,0.6045390070921992,0.011837387221450881,0.12212241526765975
