zone,b_x,rstar_x,delta_star,rel_change_star,rank_abs,rank_rel,abs_delta_star,score
nan,0.0,0.5303997997,0.5303997997,,1.0,,0.5303997997,1.0
fragmentiert,0.3333333333333333,0.1054692441,-0.22786408923333332,-0.6835922677,2.0,1.0,0.22786408923333332,0.4296081736120862
kohärent,0.3333333333333333,0.1820654781,-0.1512678552333333,-0.4538035656999999,3.0,2.0,0.1512678552333333,0.2851959131939569
regulativ,0.3333333333333333,0.1820654781,-0.1512678552333333,-0.4538035656999999,3.0,2.0,0.1512678552333333,0.2851959131939569
