zone,b_x,r_x,delta,rel_change,ub,bind_b_lb,bind_r_lb,bind_b_ub,bind_r_ub,lift_bind_b,lift_bind_r,rank_abs,rank_rel,abs_delta
,0.0,0.5303997997276229,0.5303997997276229,,1.0,True,False,False,False,,,1.0,,0.5303997997276229
fragmentiert,0.3333333333333333,0.1054692441183505,-0.2278640892149828,-0.6835922676449483,0.38333333333333336,False,False,False,False,,,2.0,1.0,0.2278640892149828
kohärent,0.3333333333333333,0.1820654780770133,-0.15126785525632,-0.4538035657689602,0.38333333333333336,False,False,False,False,,,3.0,2.0,0.15126785525632
regulativ,0.3333333333333333,0.1820654780770133,-0.15126785525632,-0.4538035657689602,0.38333333333333336,False,False,False,False,,,3.0,2.0,0.15126785525632
