zone,r_original,r_projected
fragmentiert,0.1054692441,0.1054692441
kohärent,0.1820654781,0.1820654781
,0.5303997997,0.5303997997
regulativ,0.1820654781,0.1820654781
