zone,r_original,r_projected
fragmentiert,0.1054692441,0.3000000000
kohärent,0.1820654781,0.3000000000
nan,0.5303997997,0.1000000000
regulativ,0.1820654781,0.3000000000