zone,b,r,delta,rel_change,rank_abs,rank_rel,r3,delta3,rel3,abs_delta3,b_x,r3_x,bind_b_lb,bind_r3_lb,ub,bind_b_ub,bind_r3_ub,lift_bind_b,lift_bind_r3
nan,0.0,0.5303997997276229,0.5303997997276229,,1.0,,0.1,0.1,,0.1,0.0,0.1,True,False,0.550399799728,False,False,lb/zone:nan,ub/zone:nan
fragmentiert,0.3333333333333333,0.1054692441183505,-0.2278640892149828,-0.6835922676449483,2.0,1.0,0.3,-0.033333333333333326,-0.09999999999999998,0.033333333333333326,0.333333333333,0.3,False,False,0.35333333333300004,False,False,,
kohärent,0.3333333333333333,0.1820654780770133,-0.15126785525632,-0.4538035657689602,3.0,2.0,0.3,-0.033333333333333326,-0.09999999999999998,0.033333333333333326,0.333333333333,0.3,False,False,0.35333333333300004,False,False,,ub/group:core
regulativ,0.3333333333333333,0.1820654780770133,-0.15126785525632,-0.4538035657689602,3.0,2.0,0.3,-0.033333333333333326,-0.09999999999999998,0.033333333333333326,0.333333333333,0.3,False,False,0.35333333333300004,False,False,,ub/group:core
