zone,b_chg,r_chg,delta,rel_change,rank_abs,rank_rel,b_x,r_x,bind_b_lb,bind_r_lb,ub,bind_b_ub,bind_r_ub,abs_delta,lift_bind_b,lift_bind_r
,0.0,0.5303997997276229,0.5303997997276229,,1.0,,,,,,,,,0.5303997997276229,,
fragmentiert,0.3333333333333333,0.1054692441183505,-0.2278640892149828,-0.6835922676449483,2.0,1.0,0.333333333333,0.105469244118,False,False,0.35333333333300004,False,False,0.2278640892149828,,
kohärent,0.3333333333333333,0.1820654780770133,-0.15126785525632,-0.4538035657689602,3.0,2.0,0.333333333333,0.182065478077,False,False,0.35333333333300004,False,False,0.15126785525632,,
regulativ,0.3333333333333333,0.1820654780770133,-0.15126785525632,-0.4538035657689602,3.0,2.0,0.333333333333,0.182065478077,False,False,0.35333333333300004,False,False,0.15126785525632,,
