zone,b,r,delta,rel_change,rank_abs,rank_rel,r_star,delta_star,rel_change_star,abs_delta_star,b_x,rstar_x,bind_b_lb,bind_rstar_lb,ub,bind_b_ub,bind_rstar_ub,lift_bind_b,lift_bind_rstar
nan,0.0,0.5303997997276229,0.5303997997276229,,1.0,,0.5303997997,0.5303997997,,0.5303997997,0.0,0.5303997997,True,False,0.550399799728,False,False,,
fragmentiert,0.3333333333333333,0.1054692441183505,-0.2278640892149828,-0.6835922676449483,2.0,1.0,0.1054692441,-0.22786408923333332,-0.6835922677,0.22786408923333332,0.333333333333,0.1054692441,False,False,0.35333333333300004,False,False,,
kohärent,0.3333333333333333,0.1820654780770133,-0.15126785525632,-0.4538035657689602,3.0,2.0,0.1820654781,-0.1512678552333333,-0.4538035656999999,0.1512678552333333,0.333333333333,0.1820654781,False,False,0.35333333333300004,False,False,,
regulativ,0.3333333333333333,0.1820654780770133,-0.15126785525632,-0.4538035657689602,3.0,2.0,0.1820654781,-0.1512678552333333,-0.4538035656999999,0.1512678552333333,0.333333333333,0.1820654781,False,False,0.35333333333300004,False,False,,
