zone,b,r,delta,rel_change,rank_abs,rank_rel
nan,0.0,0.5303997997276229,0.5303997997276229,,1.0,
fragmentiert,0.33333333333333337,0.10546924411835058,-0.2278640892149828,-0.6835922676449483,2.0,1.0
kohärent,0.33333333333333337,0.1820654780770133,-0.15126785525632008,-0.4538035657689602,3.0,2.0
regulativ,0.33333333333333337,0.1820654780770133,-0.15126785525632008,-0.4538035657689602,3.0,2.0
