zone,r_original,r_projected
fragmentiert,0.1054692441,0.3156410256
kohärent,0.1820654781,0.3021794872
nan,0.5303997997,0.0800000000
regulativ,0.1820654781,0.3021794872