zone,r_original,r_projected,r_changes,delta_rstar_minus_r
kohärent,0.1820654781,0.1820654781,0.1820654780770133,2.2986723635654016e-11
regulativ,0.1820654781,0.1820654781,0.1820654780770133,2.2986723635654016e-11
fragmentiert,0.1054692441,0.1054692441,0.1054692441183505,-1.83505016737584e-11
,0.5303997997,0.5303997997,0.5303997997276229,-2.7622903964186207e-11
